"FPM.Total","BC","OC","WSOC","PNC","pbPAH","B","S","As","Mo","Pb","Al","Ca","K","Ba","Ni","V","Ce","Fe","Zn","Cu","Mn","Cr","Na","Mg","U","P","Ti","Cd","Co","Sb","NOISE"
0.356198834704935,0.00396974992911342,0.186648520122441,1.75184423011939,0.00102005250694267,0.000332800074435982,0.27235927359632,0.141025906535257,0.148389323948817,0.0413065183650454,0.597309049585026,0.296103816553552,0.669276785867192,0.633982686534502,0.0167266054496135,4.02361488571736,0.510805768221559,0.194591124773122,0.0747799420273137,1.03261203603687,0.0380301298860217,0.189508734472654,7.69105807278406,0.146239869725335,1.18628495841577,0.641906190781008,0.540420905288286,0.625244718395321,0.291804574144679,1.10901320116553,0.135661919312744,0.0030930692738859
0.117946634008256,0.396974992911343,1.94057060597784,2.57463569604531,0.000102005250694267,0.0332800074435982,4.12438645621288,0.0411002156618457,79.4716376888181,1.24270277908568,8.92738947152032,0.637315753036876,0.453241511913244,1.0244833985175,0.756474837125905,27.0458828581827,56.0590067859545,83.9029339326423,0.0488738256625472,6.46759835718733,0.0675922324380527,4.8903279173095,14.4882827331682,0.233875487478617,2.00760241289398,9701.23827531974,6.04635709136143,2.72382855781873,893.743035060855,1300.5097668563,3.71292772679855,0.30930692738859
