"FPM.Total","BC","OC","B","S","As","Mo","Pb","Al","Ca","K","Ba","Ni","V","Ce","Fe","Zn","Cu","Mn","Cr","Na","Mg","U","P","Ti","Cd","Co","Sb"
3.02,0.01,0.759840072,0.000728448842,0.03319753008,4.8767684e-05,0.000314397534,0.000670401321,0.009736401085,0.02786530843,0.01272392428,0.000360318094,0.002564535364,0.000107748577,6.4648843e-05,0.01459493677,0.006774645652,0.002881107572,0.000317664079,0.004371706191,0.01986156401,0.009167553269,2.192139e-06,0.001627479014,0.005480417484,7.753182e-06,2.9527297e-05,0.000399647078
1,1,7.9,0.01103103448,0.009675,0.02611810345,0.00945862069,0.01001982759,0.02095603448,0.01887068966,0.0205612069,0.01629568966,0.01723826087,0.011825,0.027875,0.009538793103,0.04243189655,0.005120689655,0.008197413793,0.008235344828,0.0317637931,0.01551465517,0.03313017241,0.01820862069,0.023875,0.02374655172,0.03462586207,0.01093793103
