"FPM.Total","BC","OC","WSOC","PNC","pbPAH","B","S","As","Mo","Pb","Al","Ca","K","Ba","Ni","V","Ce","Fe","Zn","Cu","Mn","Cr","Na","Mg","U","P","Ti","Cd","Co","Sb","NOISE"
0.268196380579474,0.00332705830594902,0.0927603184186499,1.55659636859672,0.000854064768071365,0.000314535519887682,0.210216542320002,0.0932617999471317,0.116015081867853,0.0463489049321188,0.309806856115712,0.248051770095665,0.570836131652223,0.548476862998881,0.0169497298121872,1.25833892866946,0.176326868224967,0.257150509178742,0.0685462261174253,0.311395313150922,0.0404728474279529,0.165038260601706,4.57346498378955,0.193157925159793,1.21270052502222,0.628942008202031,0.431939034266534,0.616064226221893,0.236500726002146,1.00598645741132,0.140361531395175,0.00271933142718602
0.0888067485362498,0.332705830594901,0.964422044205289,2.28768546085316,8.54064768071365e-05,0.0314535519887682,3.1833476737112,0.0271799712904575,62.1332337616198,1.39440251191596,4.63037763685935,0.533891465806412,0.386576431198827,0.886310387567235,0.766565824585687,8.45828644821153,19.3512088494703,110.877010488145,0.044799664378784,1.95037414390434,0.0719337567076137,4.25886023401832,8.6154145669325,0.308909629035853,2.05230664258251,9505.30836211796,4.83263622357482,2.68383447866683,724.357653648207,1179.69309275456,3.84155129407853,0.271933142718602
